USE Sec2_Grp17_HomeCare;
-- To escape single quote in MS SQL we need to use double quotes `` instaed of backslash
INSERT INTO Nurse (NurseID,HealthMinistryRegistrationNumber,NurseName,PhoneNumber,DateOfBirth) VALUES (1,'R123456','Charlotte Tremblay',4167891234,'1983-09-22');
INSERT INTO Nurse (NurseID,HealthMinistryRegistrationNumber,NurseName,PhoneNumber,DateOfBirth) VALUES (2,'R202312345','James Lefebvre',5142345678,'1990-05-16');
INSERT INTO Nurse (NurseID,HealthMinistryRegistrationNumber,NurseName,PhoneNumber,DateOfBirth) VALUES (3,'R1234567','Isabella Gagnon',6049013456,'1981-11-07');
INSERT INTO Nurse (NurseID,HealthMinistryRegistrationNumber,NurseName,PhoneNumber,DateOfBirth) VALUES (4,'R222333','William Tremblay',4036789012,'1995-03-29');
INSERT INTO Nurse (NurseID,HealthMinistryRegistrationNumber,NurseName,PhoneNumber,DateOfBirth) VALUES (5,'R333444','Harper Chen',6133456789,'1979-12-18');
INSERT INTO Nurse (NurseID,HealthMinistryRegistrationNumber,NurseName,PhoneNumber,DateOfBirth) VALUES (6,'R234566','Oliver Li',9027890123,'1986-08-12');

INSERT INTO Client (ClientID,ClientName,ClientAddress,ClientPhoneNumber) VALUES (1,'James Smith','123 Main Street, Vancouver, BC',4167894567);
INSERT INTO Client (ClientID,ClientName,ClientAddress,ClientPhoneNumber) VALUES (2,'Sophia Lee','456 Elm Avenue, Richmond, BC',5142345678);
INSERT INTO Client (ClientID,ClientName,ClientAddress,ClientPhoneNumber) VALUES (3,'Ahmed Khan','789 Oak Drive, Burnaby, BC',6049012345);
INSERT INTO Client (ClientID,ClientName,ClientAddress,ClientPhoneNumber) VALUES (4,'Isabella Rossi','321 Maple Lane, North Vancouver, BC',4036789012);
INSERT INTO Client (ClientID,ClientName,ClientAddress,ClientPhoneNumber) VALUES (5,'Diego Santos','987 Cedar Crescent, Surrey, BC',6133456789);
INSERT INTO Client (ClientID,ClientName,ClientAddress,ClientPhoneNumber) VALUES (6,'Emma Dubois','654 Birch Road, Coquitlam, BC',9027890123);
INSERT INTO Client (ClientID,ClientName,ClientAddress,ClientPhoneNumber) VALUES (7,'Mohammed Ali','321 Pine Avenue, West Vancouver, BC',2042345678);
INSERT INTO Client (ClientID,ClientName,ClientAddress,ClientPhoneNumber) VALUES (8,'Olivia Wang','789 Spruce Street, Delta, BC',5199012345);
INSERT INTO Client (ClientID,ClientName,ClientAddress,ClientPhoneNumber) VALUES (9,'Juan Hernandez','234 Willow Court, Port Moody, BC',3066789012);
INSERT INTO Client (ClientID,ClientName,ClientAddress,ClientPhoneNumber) VALUES (10,'Mia Garcia','567 Juniper Place, New Westminster, BC',9053456789);

INSERT INTO Contract (ContractID,StartDate,EndDate,IllnessDescription,NurseID,ClientID) VALUES (1,'2023-05-01','2023-06-30','trainus Influenza: A respiratory illness causing fever, cough, and fatigue.','4','10');
INSERT INTO Contract (ContractID,StartDate,EndDate,IllnessDescription,NurseID,ClientID) VALUES (2,'2023-05-01','2023-06-02','Neurovirus: A viral infection affecting the nervous system, leading to headaches and dizziness.','1','2');
INSERT INTO Contract (ContractID,StartDate,EndDate,IllnessDescription,NurseID,ClientID) VALUES (3,'2023-05-08','2023-06-30','Gastrointestinalitis: Inflammation of the gastrointestinal tract causing nausea, vomiting, and diarrhea.','3','3');
INSERT INTO Contract (ContractID,StartDate,EndDate,IllnessDescription,NurseID,ClientID) VALUES (4,'2023-05-08','2023-06-02','Dermatitis X: A skin condition characterized by redness, itching, and rashes.','4','4');
INSERT INTO Contract (ContractID,StartDate,EndDate,IllnessDescription,NurseID,ClientID) VALUES (5,'2023-05-15','2023-05-26','Migraine Syndrome: Recurrent severe headaches accompanied by sensitivity to light and sound.','2','6');
INSERT INTO Contract (ContractID,StartDate,EndDate,IllnessDescription,NurseID,ClientID) VALUES (6,'2023-05-15','2023-05-30','Chronic Fatigue Syndrome: Persistent fatigue and exhaustion that cannot be explained by other medical conditions.','2','5');
INSERT INTO Contract (ContractID,StartDate,EndDate,IllnessDescription,NurseID,ClientID) VALUES (7,'2023-05-15','2023-05-26','Arthralgia: Joint pain and stiffness, often associated with arthritis.','1','7');
INSERT INTO Contract (ContractID,StartDate,EndDate,IllnessDescription,NurseID,ClientID) VALUES (8,'2023-05-22','2023-06-02','Asthmatic Bronchitis: Inflammation of the airways leading to coughing, wheezing, and difficulty breathing.','3','3');
INSERT INTO Contract (ContractID,StartDate,EndDate,IllnessDescription,NurseID,ClientID) VALUES (9,'2023-06-02','2023-06-30','Hypertensive Disorder: High blood pressure that can lead to complications in various organs.','2','9');
INSERT INTO Contract (ContractID,StartDate,EndDate,IllnessDescription,NurseID,ClientID) VALUES (10,'2023-06-02','2023-06-23','Gastric Ulcer: A sore or lesion in the stomach lining causing abdominal pain and indigestion.','5','8');

INSERT INTO Nurse_Availability_Schedule (AvailabilityID,StartDate,EndDate,StartTime,EndTime,NurseID) VALUES (1,'2023-05-01','2023-05-30','9:00','18:00',1);
INSERT INTO Nurse_Availability_Schedule (AvailabilityID,StartDate,EndDate,StartTime,EndTime,NurseID) VALUES (2,'2023-05-01','2023-05-30','6:00','13:00',2);
INSERT INTO Nurse_Availability_Schedule (AvailabilityID,StartDate,EndDate,StartTime,EndTime,NurseID) VALUES (3,'2023-05-01','2023-05-20','15:00','22:00',3);
INSERT INTO Nurse_Availability_Schedule (AvailabilityID,StartDate,EndDate,StartTime,EndTime,NurseID) VALUES (4,'2023-05-01','2023-06-30','8:00','14:00',4);
INSERT INTO Nurse_Availability_Schedule (AvailabilityID,StartDate,EndDate,StartTime,EndTime,NurseID) VALUES (5,'2023-05-21','2023-06-11','9:00','18:00',3);
INSERT INTO Nurse_Availability_Schedule (AvailabilityID,StartDate,EndDate,StartTime,EndTime,NurseID) VALUES (6,'2023-06-01','2023-06-30','11:00','18:00',2);
INSERT INTO Nurse_Availability_Schedule (AvailabilityID,StartDate,EndDate,StartTime,EndTime,NurseID) VALUES (7,'2023-06-01','2023-06-30','15:00','22:00',6);
INSERT INTO Nurse_Availability_Schedule (AvailabilityID,StartDate,EndDate,StartTime,EndTime,NurseID) VALUES (8,'2023-06-12','2023-06-30','6:00','13:00',3);
INSERT INTO Nurse_Availability_Schedule (AvailabilityID,StartDate,EndDate,StartTime,EndTime,NurseID) VALUES (9,'2023-06-12','2023-06-30','11:00','20:00',5);

INSERT INTO Visit_Appointment (ContractID,AppointmentID,AppointmentDate,AppointmentStartTime,AppointmentEndTime,VisitDate,VisitStartTime,VisitEndTime,VisitHealthCondition,VisitServicesProvided) VALUES (1,1,'2023-05-02','9:00','10:00','2023-05-02','9:30','10:30','Osteoarthritis: Degenerative joint disease causing pain, stiffness, and limited mobility.','Medication administration and management');
INSERT INTO Visit_Appointment (ContractID,AppointmentID,AppointmentDate,AppointmentStartTime,AppointmentEndTime,VisitDate,VisitStartTime,VisitEndTime,VisitHealthCondition,VisitServicesProvided) VALUES (1,2,'2023-05-09','9:00','10:00','2023-05-09','9:15','10:15','Hypertension: High blood pressure, which can increase the risk of heart disease and stroke.','Wound care and dressing changes');
INSERT INTO Visit_Appointment (ContractID,AppointmentID,AppointmentDate,AppointmentStartTime,AppointmentEndTime,VisitDate,VisitStartTime,VisitEndTime,VisitHealthCondition,VisitServicesProvided) VALUES (1,3,'2023-05-16','9:00','10:00','2023-05-16','9:00','10:00','Osteoporosis: Weakening of bones, making them more prone to fractures.','Assistance with activities of daily living (ADLs) such as bathing, grooming, and dressing');
INSERT INTO Visit_Appointment (ContractID,AppointmentID,AppointmentDate,AppointmentStartTime,AppointmentEndTime,VisitDate,VisitStartTime,VisitEndTime,VisitHealthCondition,VisitServicesProvided) VALUES (1,4,'2023-05-23','9:00','10:00','2023-05-23','9:00','10:00','Dementia: A progressive decline in cognitive function, memory loss, and changes in behavior.','Vital signs monitoring (blood pressure, heart rate, etc.)');
INSERT INTO Visit_Appointment (ContractID,AppointmentID,AppointmentDate,AppointmentStartTime,AppointmentEndTime,VisitDate,VisitStartTime,VisitEndTime,VisitHealthCondition,VisitServicesProvided) VALUES (1,5,'2023-05-30','9:00','10:00','2023-05-30','9:00','10:00','Diabetes: A chronic condition characterized by high blood sugar levels, requiring medication and lifestyle management.','Rehabilitation exercises and physical therapy');
INSERT INTO Visit_Appointment (ContractID,AppointmentID,AppointmentDate,AppointmentStartTime,AppointmentEndTime,VisitDate,VisitStartTime,VisitEndTime,VisitHealthCondition,VisitServicesProvided) VALUES (1,6,'2023-06-06','9:00','10:00',NULL,NULL,NULL,NULL,NULL);
INSERT INTO Visit_Appointment (ContractID,AppointmentID,AppointmentDate,AppointmentStartTime,AppointmentEndTime,VisitDate,VisitStartTime,VisitEndTime,VisitHealthCondition,VisitServicesProvided) VALUES (1,7,'2023-06-13','9:00','10:00',NULL,NULL,NULL,NULL,NULL);
INSERT INTO Visit_Appointment (ContractID,AppointmentID,AppointmentDate,AppointmentStartTime,AppointmentEndTime,VisitDate,VisitStartTime,VisitEndTime,VisitHealthCondition,VisitServicesProvided) VALUES (1,8,'2023-06-20','9:00','10:00',NULL,NULL,NULL,NULL,NULL);
INSERT INTO Visit_Appointment (ContractID,AppointmentID,AppointmentDate,AppointmentStartTime,AppointmentEndTime,VisitDate,VisitStartTime,VisitEndTime,VisitHealthCondition,VisitServicesProvided) VALUES (1,9,'2023-06-27','9:00','10:00',NULL,NULL,NULL,NULL,NULL);
INSERT INTO Visit_Appointment (ContractID,AppointmentID,AppointmentDate,AppointmentStartTime,AppointmentEndTime,VisitDate,VisitStartTime,VisitEndTime,VisitHealthCondition,VisitServicesProvided) VALUES (2,1,'2023-05-04','11:00','12:00','2023-05-04','11:10','12:10','Chronic obstructive pulmonary disease (COPD): A group of lung diseases that make breathing difficult, such as chronic bronchitis or emphysema.','Meal planning and preparation');
INSERT INTO Visit_Appointment (ContractID,AppointmentID,AppointmentDate,AppointmentStartTime,AppointmentEndTime,VisitDate,VisitStartTime,VisitEndTime,VisitHealthCondition,VisitServicesProvided) VALUES (2,2,'2023-05-11','11:00','12:00','2023-05-11','11:15','12:30','Heart failure: A condition where the heart ''s ability to pump blood is compromised, leading to fatigue, fluid retention, and shortness of breath.','Assistance with mobility and transfers');
INSERT INTO Visit_Appointment (ContractID,AppointmentID,AppointmentDate,AppointmentStartTime,AppointmentEndTime,VisitDate,VisitStartTime,VisitEndTime,VisitHealthCondition,VisitServicesProvided) VALUES (2,3,'2023-05-18','11:00','12:00','2023-05-18','11:00','12:00','Stroke: A sudden interruption of blood supply to the brain, resulting in neurological deficits.','Catheter care and maintenance');
INSERT INTO Visit_Appointment (ContractID,AppointmentID,AppointmentDate,AppointmentStartTime,AppointmentEndTime,VisitDate,VisitStartTime,VisitEndTime,VisitHealthCondition,VisitServicesProvided) VALUES (2,4,'2023-05-25','11:00','12:00','2023-05-25','11:00','12:00','Parkinson''s disease: A neurodegenerative disorder affecting movement, balance, and coordination.','Medication reminders and pill organization');
INSERT INTO Visit_Appointment (ContractID,AppointmentID,AppointmentDate,AppointmentStartTime,AppointmentEndTime,VisitDate,VisitStartTime,VisitEndTime,VisitHealthCondition,VisitServicesProvided) VALUES (2,5,'2023-06-02','11:00','12:00',NULL,NULL,NULL,NULL,NULL);
INSERT INTO Visit_Appointment (ContractID,AppointmentID,AppointmentDate,AppointmentStartTime,AppointmentEndTime,VisitDate,VisitStartTime,VisitEndTime,VisitHealthCondition,VisitServicesProvided) VALUES (3,1,'2023-05-10','20:00','21:00','2023-05-10','20:00','21:00','Age-related macular degeneration (AMD): A progressive eye disease leading to vision loss.','Respiratory therapy and assistance with oxygen administration');
INSERT INTO Visit_Appointment (ContractID,AppointmentID,AppointmentDate,AppointmentStartTime,AppointmentEndTime,VisitDate,VisitStartTime,VisitEndTime,VisitHealthCondition,VisitServicesProvided) VALUES (3,2,'2023-05-17','20:00','21:00','2023-05-17','20:00','21:00','Chronic kidney disease: Long-term damage to the kidneys, impairing their function to filter waste and fluid from the body.','Diabetes management and blood sugar monitoring');
INSERT INTO Visit_Appointment (ContractID,AppointmentID,AppointmentDate,AppointmentStartTime,AppointmentEndTime,VisitDate,VisitStartTime,VisitEndTime,VisitHealthCondition,VisitServicesProvided) VALUES (3,3,'2023-05-24','20:00','21:00','2023-05-24','20:00','21:00','Depression: A mood disorder characterized by persistent feelings of sadness, loss of interest, and a lack of motivation.','Home safety assessment and modifications');
INSERT INTO Visit_Appointment (ContractID,AppointmentID,AppointmentDate,AppointmentStartTime,AppointmentEndTime,VisitDate,VisitStartTime,VisitEndTime,VisitHealthCondition,VisitServicesProvided) VALUES (3,4,'2023-05-31','20:00','21:00',NULL,NULL,NULL,NULL,NULL);
INSERT INTO Visit_Appointment (ContractID,AppointmentID,AppointmentDate,AppointmentStartTime,AppointmentEndTime,VisitDate,VisitStartTime,VisitEndTime,VisitHealthCondition,VisitServicesProvided) VALUES (3,5,'2023-06-07','20:00','21:00',NULL,NULL,NULL,NULL,NULL);
INSERT INTO Visit_Appointment (ContractID,AppointmentID,AppointmentDate,AppointmentStartTime,AppointmentEndTime,VisitDate,VisitStartTime,VisitEndTime,VisitHealthCondition,VisitServicesProvided) VALUES (3,6,'2023-06-14','20:00','21:00',NULL,NULL,NULL,NULL,NULL);
INSERT INTO Visit_Appointment (ContractID,AppointmentID,AppointmentDate,AppointmentStartTime,AppointmentEndTime,VisitDate,VisitStartTime,VisitEndTime,VisitHealthCondition,VisitServicesProvided) VALUES (3,7,'2023-06-21','20:00','21:00',NULL,NULL,NULL,NULL,NULL);
INSERT INTO Visit_Appointment (ContractID,AppointmentID,AppointmentDate,AppointmentStartTime,AppointmentEndTime,VisitDate,VisitStartTime,VisitEndTime,VisitHealthCondition,VisitServicesProvided) VALUES (3,8,'2023-06-28','20:00','21:00',NULL,NULL,NULL,NULL,NULL);
INSERT INTO Visit_Appointment (ContractID,AppointmentID,AppointmentDate,AppointmentStartTime,AppointmentEndTime,VisitDate,VisitStartTime,VisitEndTime,VisitHealthCondition,VisitServicesProvided) VALUES (4,1,'2023-05-07','12:00','13:00','2023-05-07','12:00','13:00','Congestive heart failure: A condition in which the heart cannot pump enough blood to meet the body ''s needs, leading to fluid buildup and fatigue.','Emotional support and companionship');
INSERT INTO Visit_Appointment (ContractID,AppointmentID,AppointmentDate,AppointmentStartTime,AppointmentEndTime,VisitDate,VisitStartTime,VisitEndTime,VisitHealthCondition,VisitServicesProvided) VALUES (4,2,'2023-05-14','12:00','13:00','2023-05-14','12:00','13:00','Chronic pain: Persistent pain that lasts for an extended period, often associated with conditions like arthritis or neuropathy.','Assisting with medical equipment setup and usage');
INSERT INTO Visit_Appointment (ContractID,AppointmentID,AppointmentDate,AppointmentStartTime,AppointmentEndTime,VisitDate,VisitStartTime,VisitEndTime,VisitHealthCondition,VisitServicesProvided) VALUES (4,3,'2023-05-21','12:00','13:00','2023-05-21','12:00','13:00','Urinary incontinence: Involuntary leakage of urine, often due to weakened bladder muscles or other underlying conditions.','Palliative care and pain management');
INSERT INTO Visit_Appointment (ContractID,AppointmentID,AppointmentDate,AppointmentStartTime,AppointmentEndTime,VisitDate,VisitStartTime,VisitEndTime,VisitHealthCondition,VisitServicesProvided) VALUES (4,4,'2023-05-28','12:00','13:00','2023-05-28','12:00','13:00','Alzheimer''s disease: A progressive brain disorder resulting in memory loss, cognitive decline, and behavioral changes.','Dementia and Alzheimer ''s care');
INSERT INTO Visit_Appointment (ContractID,AppointmentID,AppointmentDate,AppointmentStartTime,AppointmentEndTime,VisitDate,VisitStartTime,VisitEndTime,VisitHealthCondition,VisitServicesProvided) VALUES (5,1,'2023-05-18','7:00','8:00','2023-05-18','7:00','8:00','Visual impairment: Partial or complete loss of vision, which can impact daily activities and independence.','Assistance with transportation to medical appointments');
INSERT INTO Visit_Appointment (ContractID,AppointmentID,AppointmentDate,AppointmentStartTime,AppointmentEndTime,VisitDate,VisitStartTime,VisitEndTime,VisitHealthCondition,VisitServicesProvided) VALUES (5,2,'2023-05-25','7:00','8:00','2023-05-25','7:00','8:00','Chronic wounds: Slow-healing wounds or ulcers that require ongoing care and management.','Skin care and prevention of pressure sores');
INSERT INTO Visit_Appointment (ContractID,AppointmentID,AppointmentDate,AppointmentStartTime,AppointmentEndTime,VisitDate,VisitStartTime,VisitEndTime,VisitHealthCondition,VisitServicesProvided) VALUES (6,1,'2023-05-20','8:00','10:00','2023-05-20','8:00','10:00','Malnutrition: Insufficient intake of essential nutrients, leading to weight loss, weakness, and compromised immune function.','Chronic disease management and education');
INSERT INTO Visit_Appointment (ContractID,AppointmentID,AppointmentDate,AppointmentStartTime,AppointmentEndTime,VisitDate,VisitStartTime,VisitEndTime,VisitHealthCondition,VisitServicesProvided) VALUES (6,2,'2023-05-27','8:00','10:00',NULL,NULL,NULL,NULL,NULL);
INSERT INTO Visit_Appointment (ContractID,AppointmentID,AppointmentDate,AppointmentStartTime,AppointmentEndTime,VisitDate,VisitStartTime,VisitEndTime,VisitHealthCondition,VisitServicesProvided) VALUES (7,1,'2023-05-19','13:00','14:00','2023-05-19','13:00','14:00','Social isolation: A condition where individuals experience limited social interaction, which can negatively impact mental and physical well-being.','Post-surgical care and wound healing support');
INSERT INTO Visit_Appointment (ContractID,AppointmentID,AppointmentDate,AppointmentStartTime,AppointmentEndTime,VisitDate,VisitStartTime,VisitEndTime,VisitHealthCondition,VisitServicesProvided) VALUES (7,2,'2023-05-26','13:00','14:00','2023-05-26','13:00','14:00','Congenital heart defect: A structural abnormality of the heart present at birth, which may require ongoing monitoring and management to ensure proper cardiac function.','ental health support and counseling: Providing emotional support, counseling, and therapeutic interventions for individuals experiencing mental health challenges such as anxiety, depression, or post-traumatic stress disorder.');
INSERT INTO Visit_Appointment (ContractID,AppointmentID,AppointmentDate,AppointmentStartTime,AppointmentEndTime,VisitDate,VisitStartTime,VisitEndTime,VisitHealthCondition,VisitServicesProvided) VALUES (8,1,'2023-05-26','15:00','16:00','2023-05-26','15:00','16:00','Chronic obstructive pulmonary disease (COPD) exacerbation: Periods of worsening symptoms in individuals with pre-existing COPD, leading to increased breathlessness, coughing, and mucus production.','Chronic pain management: Assisting individuals with the management of chronic pain conditions through techniques such as pain assessment, medication management, physical therapy, and alternative pain management strategies like relaxation techniques or heat/cold therapy.');
INSERT INTO Visit_Appointment (ContractID,AppointmentID,AppointmentDate,AppointmentStartTime,AppointmentEndTime,VisitDate,VisitStartTime,VisitEndTime,VisitHealthCondition,VisitServicesProvided) VALUES (8,2,'2023-06-02','15:00','16:00',NULL,NULL,NULL,NULL,NULL);
INSERT INTO Visit_Appointment (ContractID,AppointmentID,AppointmentDate,AppointmentStartTime,AppointmentEndTime,VisitDate,VisitStartTime,VisitEndTime,VisitHealthCondition,VisitServicesProvided) VALUES (9,1,'2023-06-05','11:00','12:00',NULL,NULL,NULL,NULL,NULL);
INSERT INTO Visit_Appointment (ContractID,AppointmentID,AppointmentDate,AppointmentStartTime,AppointmentEndTime,VisitDate,VisitStartTime,VisitEndTime,VisitHealthCondition,VisitServicesProvided) VALUES (9,2,'2023-06-07','11:00','12:00',NULL,NULL,NULL,NULL,NULL);
INSERT INTO Visit_Appointment (ContractID,AppointmentID,AppointmentDate,AppointmentStartTime,AppointmentEndTime,VisitDate,VisitStartTime,VisitEndTime,VisitHealthCondition,VisitServicesProvided) VALUES (9,3,'2023-06-12','11:00','12:00',NULL,NULL,NULL,NULL,NULL);
INSERT INTO Visit_Appointment (ContractID,AppointmentID,AppointmentDate,AppointmentStartTime,AppointmentEndTime,VisitDate,VisitStartTime,VisitEndTime,VisitHealthCondition,VisitServicesProvided) VALUES (9,4,'2023-06-14','11:00','12:00',NULL,NULL,NULL,NULL,NULL);
INSERT INTO Visit_Appointment (ContractID,AppointmentID,AppointmentDate,AppointmentStartTime,AppointmentEndTime,VisitDate,VisitStartTime,VisitEndTime,VisitHealthCondition,VisitServicesProvided) VALUES (9,5,'2023-06-19','11:00','12:00',NULL,NULL,NULL,NULL,NULL);
INSERT INTO Visit_Appointment (ContractID,AppointmentID,AppointmentDate,AppointmentStartTime,AppointmentEndTime,VisitDate,VisitStartTime,VisitEndTime,VisitHealthCondition,VisitServicesProvided) VALUES (9,6,'2023-06-21','11:00','12:00',NULL,NULL,NULL,NULL,NULL);
INSERT INTO Visit_Appointment (ContractID,AppointmentID,AppointmentDate,AppointmentStartTime,AppointmentEndTime,VisitDate,VisitStartTime,VisitEndTime,VisitHealthCondition,VisitServicesProvided) VALUES (9,7,'2023-06-26','11:00','12:00',NULL,NULL,NULL,NULL,NULL);
INSERT INTO Visit_Appointment (ContractID,AppointmentID,AppointmentDate,AppointmentStartTime,AppointmentEndTime,VisitDate,VisitStartTime,VisitEndTime,VisitHealthCondition,VisitServicesProvided) VALUES (9,8,'2023-06-28','11:00','12:00',NULL,NULL,NULL,NULL,NULL);
INSERT INTO Visit_Appointment (ContractID,AppointmentID,AppointmentDate,AppointmentStartTime,AppointmentEndTime,VisitDate,VisitStartTime,VisitEndTime,VisitHealthCondition,VisitServicesProvided) VALUES (10,1,'2023-06-02','16:00','17:00',NULL,NULL,NULL,NULL,NULL);
INSERT INTO Visit_Appointment (ContractID,AppointmentID,AppointmentDate,AppointmentStartTime,AppointmentEndTime,VisitDate,VisitStartTime,VisitEndTime,VisitHealthCondition,VisitServicesProvided) VALUES (10,2,'2023-06-06','16:00','17:00',NULL,NULL,NULL,NULL,NULL);
INSERT INTO Visit_Appointment (ContractID,AppointmentID,AppointmentDate,AppointmentStartTime,AppointmentEndTime,VisitDate,VisitStartTime,VisitEndTime,VisitHealthCondition,VisitServicesProvided) VALUES (10,3,'2023-06-09','16:00','17:00',NULL,NULL,NULL,NULL,NULL);
INSERT INTO Visit_Appointment (ContractID,AppointmentID,AppointmentDate,AppointmentStartTime,AppointmentEndTime,VisitDate,VisitStartTime,VisitEndTime,VisitHealthCondition,VisitServicesProvided) VALUES (10,4,'2023-06-13','16:00','17:00',NULL,NULL,NULL,NULL,NULL);
INSERT INTO Visit_Appointment (ContractID,AppointmentID,AppointmentDate,AppointmentStartTime,AppointmentEndTime,VisitDate,VisitStartTime,VisitEndTime,VisitHealthCondition,VisitServicesProvided) VALUES (10,5,'2023-06-16','16:00','17:00',NULL,NULL,NULL,NULL,NULL);
INSERT INTO Visit_Appointment (ContractID,AppointmentID,AppointmentDate,AppointmentStartTime,AppointmentEndTime,VisitDate,VisitStartTime,VisitEndTime,VisitHealthCondition,VisitServicesProvided) VALUES (10,6,'2023-06-20','16:00','17:00',NULL,NULL,NULL,NULL,NULL);
INSERT INTO Visit_Appointment (ContractID,AppointmentID,AppointmentDate,AppointmentStartTime,AppointmentEndTime,VisitDate,VisitStartTime,VisitEndTime,VisitHealthCondition,VisitServicesProvided) VALUES (10,7,'2023-06-23','16:00','17:00',NULL,NULL,NULL,NULL,NULL);


INSERT INTO Nurse_Substitute_On_Contract (ContractID,NurseID,StartDate,EndDate) VALUES (3,6,'2023-06-01','2023-06-30');
INSERT INTO Nurse_Substitute_On_Contract (ContractID,NurseID,StartDate,EndDate) VALUES (2,2,'2023-06-01','2023-06-02');
INSERT INTO Nurse_Substitute_On_Contract (ContractID,NurseID,StartDate,EndDate) VALUES (10,3,'2023-06-02','2023-06-11');
INSERT INTO Nurse_Substitute_On_Contract (ContractID,NurseID,StartDate,EndDate) VALUES (9,3,'2023-06-19','2023-06-23');
INSERT INTO Nurse_Substitute_On_Contract (ContractID,NurseID,StartDate,EndDate) VALUES (2,4,'2023-05-22','2023-05-26');

INSERT INTO Contract_Schedule (ContractID,Weekday,StartTime,EndTime) VALUES (1,2,'9:00','10:00');
INSERT INTO Contract_Schedule (ContractID,Weekday,StartTime,EndTime) VALUES (2,4,'11:00','12:00');
INSERT INTO Contract_Schedule (ContractID,Weekday,StartTime,EndTime) VALUES (3,3,'20:00','21:00');
INSERT INTO Contract_Schedule (ContractID,Weekday,StartTime,EndTime) VALUES (4,0,'12:00','13:00');
INSERT INTO Contract_Schedule (ContractID,Weekday,StartTime,EndTime) VALUES (5,4,'7:00','8:00');
INSERT INTO Contract_Schedule (ContractID,Weekday,StartTime,EndTime) VALUES (6,6,'8:00','10:00');
INSERT INTO Contract_Schedule (ContractID,Weekday,StartTime,EndTime) VALUES (7,5,'13:00','14:00');
INSERT INTO Contract_Schedule (ContractID,Weekday,StartTime,EndTime) VALUES (8,5,'15:00','16:00');
INSERT INTO Contract_Schedule (ContractID,Weekday,StartTime,EndTime) VALUES (9,1,'11:00','12:00');
INSERT INTO Contract_Schedule (ContractID,Weekday,StartTime,EndTime) VALUES (9,3,'11:00','12:00');
INSERT INTO Contract_Schedule (ContractID,Weekday,StartTime,EndTime) VALUES (10,2,'16:00','17:00');
INSERT INTO Contract_Schedule (ContractID,Weekday,StartTime,EndTime) VALUES (10,5,'16:00','17:00');